tipo,artista,genero,nombre,año,id
album,Anderson .Paak,r&b,Oxnard,2018,3rqqwtJE89WoWvMyPTvbZc
album,Anderson .Paak,r&b,Oxnard (Instrumentals),2018,7gdfgCWRXLD9AYiWkz0zJB
album,Eric Clapton,r&b,Happy Xmas,2018,1L3jhywNGVbRmOjprKPvzj
album,Tinashe,r&b,Joyride,2018,0u3rjsCgagcSxHoRtXMKQo
album,Tory Lanez,r&b,LoVE me NOw (ReLoAdeD),2018,0RK6vpJWuCZpNWNdRJ8rpY
album,Tory Lanez,r&b,MEMORIES DON'T DIE,2018,4RQIHpmmapmEpOFNi2GvAB
album,The Weeknd,r&b,"My Dear Melancholy,",2018,4qZBW3f2Q8y0k1A84d4iAO
album,T-Pain,r&b,"Everything Must Go, Vol. 2",2018,1ShbHuoHgmCTuS9i4UUiTB
album,T-Pain,r&b,"Everything Must Go, Vol. 1",2018,7IqCe0MDZvFlv2jwLJkyov
album,"Earth, Wind & Fire",r&b,"Earth, Wind & Fire (Live in Tokyo)",2018,78nJkxQssQHBVOKeLcpscX
album,Ne-Yo,r&b,GOOD MAN (Deluxe),2018,5kXmI1B0BLb2joTTAckz9n
album,Khalid,r&b,Suncity,2018,4UNwL1B7JoymNUiTFJa52B
album,USHER,r&b,"""A""",2018,7JZi4kTfYCJcqOzVbKAYh5
album,Kali Uchis,r&b,Isolation,2018,4EPQtdq6vvwxuYeQTrwDVY
album,SZA,r&b,Black Panther The Album Music From And Inspired By,2018,3pLdWdkj83EYfDN6H2N8MR
album,Ty Dolla $ign,r&b,MIH-TY,2018,16rRmI5wxWWO5dnRWUKCPA
album,Ty Dolla $ign,r&b,Beach House 3 (Deluxe Edition),2018,2wtx5XeYMFOpY40eK9f7fA
album,Masego,r&b,Lady Lady,2018,04a0v7o8qpGSWDdDoXnLf1
album,Omar Apollo,r&b,Stereo,2018,1DEqCWbOzKMhxRoTPz21Ht
album,Blood Orange,r&b,Negro Swan,2018,7bvmGyFDwpHNRRRZJ0AHvn
album,Montell Fish,r&b,It's Beautiful.,2018,6MRvWffD81OCQNUsa5J63K
album,Prince,r&b,Piano & A Microphone 1983,2018,6gbmDvcU1JDPy1niL6YFJY
album,6LACK,r&b,East Atlanta Love Letter,2018,3fc97ZWLIMc1xawhxbKrh2
album,Russ,r&b,ZOO,2018,48Kac3ieDtt9OSp9Fm4g9e
album,NIKI,r&b,Zephyr,2018,1u69qM5ATwhuRSHQd3FD6s
album,Leon Thomas,r&b,Genesis,2018,6RXMHSqYlYAEpDsNYYBj6B
album,Wale,r&b,MMG FOREVER,2018,404Jaj45dEX7fGlxriNHWK
album,Jorja Smith,r&b,Lost & Found,2018,3AlSuZnX4ZCab8eoWnnfbm
album,Jeremih,r&b,MIH-TY,2018,16rRmI5wxWWO5dnRWUKCPA
album,Mark Knopfler,r&b,Down The Road Wherever (Deluxe),2018,50GCIDxmRhgriDpyzmV7qA
album,Mark Knopfler,r&b,Down The Road Wherever,2018,3fmJ8ldQ4wpuRfKBZVLTN8
album,Kool & The Gang,r&b,Collected,2018,2vBpHUDhVTInqSLxkw9Kx2
album,Sevdaliza,r&b,The Calling,2018,6xuGMp1LTIJCiLp4LWwNwP
album,Otis Redding,r&b,Dock of the Bay Sessions,2018,3mdKPgJ2hyDF9ToznWuCn1
album,Summer Walker,r&b,Last Day Of Summer,2018,4hTM8jZ8DCCqglmZUDMSPz
album,Ella Mai,r&b,Ella Mai,2018,67ErXRS9s9pVG8JmFbrdJ0
album,Trey Songz,r&b,11,2018,5Pp9dmBGExH4FNLlaLsLde
album,Trey Songz,r&b,28,2018,0DOSrX5RdPZhLBAuEmO6De
album,Fernandinho,r&b,Fernandinho Em Casa (ao Vivo),2018,06UxOw6wy2Mq3EgdpZZ6r8
album,Toni Braxton,r&b,Sex & Cigarettes,2018,1nmxUznbVkZorzeY4olXco
album,SAINt JHN,r&b,Collection One,2018,1VYRUsEjoHAnE1NNa0Tj3z
album,Rizky Febian,r&b,Jejak,2018,3HPCPn1OeQGzC2FIvyBxBi
album,Janelle Monáe,r&b,Dirty Computer,2018,2PjlaxlMunGOUvcRzlTbtE
album,Kid Ink,r&b,Missed Calls,2018,3xqJtp0XRdgFuvipOOCKX9
album,James Brown,r&b,Say It Live And Loud: Live In Dallas 08.26.68 (Expanded Edition),2018,3CWKIeGmz7cfFVzlpXugar
album,CHIC,r&b,It’s About Time,2018,49o8cBEcowlVsJBj8Kk17b
album,KC & The Sunshine Band,r&b,A Sunshine Christmas (Special Edition),2018,2SluzAGWuy0NdVoJod8eTg
album,Hikaru Utada,r&b,初恋,2018,0vYCN1SXivJ5dS1dasLZug
album,Mario,r&b,Dancing Shadows,2018,2DEpDHpIuQbCsLy0rKyhaI
album,The Temptations,r&b,All The Time,2018,2Rv5fjjTGUaika6wtcJGL5
album,Lloyd,r&b,TRU - LP,2018,091JnKYEdqWQ6tyEbCgAEV
album,Ben Harper,r&b,No Mercy In This Land (Deluxe Edition),2018,6iwWWapZi9KtLsdfoGG3X4
album,Afgan,r&b,DEKADE,2018,3u9tjjOT8BMthxEWTHEKnd
album,Status Quo,r&b,Down Down & Dirty at Wacken,2018,1HpHndPsLgWTFVz2RjqBxa
album,Status Quo,r&b,Down Down & Dignified at the Royal Albert Hall,2018,1WYMXlvGk4AhiOh8Blb4Bk
album,Léo Santana,r&b,Ao Vivo Em Goiânia,2018,0Ovm1SkjHbW11vWJHVlRlS
album,Jacquees,r&b,Lost At Sea 2,2018,5uOz2zcMuMT8FecNBR0CKh
album,Jacquees,r&b,4275 (Bonus Version),2018,03AdJ15pTDdmxry6qkKwlO
album,Gabriela Rocha,r&b,Céu,2018,5MNtZvAvFWwc6eFbrFLbg9
album,Natiruts,r&b,I Love,2018,7r6b9UsRIm7La1648a55Jm
album,Natiruts,r&b,Natibaby,2018,0LIKTD86AWthoyDAMnUVqe
album,Jaden,r&b,The Sunset Tapes: A Cool Tape Story,2018,5SEBhuhm9MbbRg3YOOuaCR
album,Bakar,r&b,Badkid,2018,2QaQGxQuEV9hZYMhpS6Zax
album,Aloe Blacc,r&b,Christmas Funk,2018,5HfWesu5IpPU0pZR23C2Pt
album,Estelle,r&b,Lovers Rock,2018,1dWQbbFSkCNnMbdSJMmsge
album,Anderson .Paak,r&b,Ventura (Instrumentals),2019,4a6u9TUkH1MW2zZkFUYlV0
album,Anderson .Paak,r&b,Ventura,2019,0YF8PfcGbsKg5IaFyPnlyY
album,Kehlani,r&b,While We Wait,2019,73ZvpuYhKDr2FW4vlPsTpW
album,Daniel Caesar,r&b,CASE STUDY 01,2019,7lb4ck9tn2ZaJRrYjhyP9A
album,Marvin Gaye,r&b,What's Going On (Live),2019,6gRTxfBzqEnyKPpdkytlfo
album,Marvin Gaye,r&b,My Funny Valentine,2019,6QeStmYRPbPFDZ6Eb088WV
album,Marvin Gaye,r&b,You're The Man (Expanded Edition),2019,3pEHtJqDihr3HjZCLMJ0Vp
album,Steve Lacy,r&b,Apollo XXI,2019,4hvsfS6cytmO16IfAptVA9
album,Tinashe,r&b,Songs For You,2019,6fYCFakqijh8qlgBOJXICO
album,Tory Lanez,r&b,Chixtape 5,2019,6vVhekA9LRg0MWIQaxI37f
album,Doechii,r&b,"Coven Music Session, Vol. 1",2019,5eXvrU5hvCyxZmOdVDVRSc
album,T-Pain,r&b,1UP,2019,7c4iNRejmThi83qm3ZrDjO
album,"Earth, Wind & Fire",r&b,"Earth, Wind & Fire Millennium Concert Japan '94",2019,7253n8oKnyOumxC2trgmM8
album,Chase Atlantic,r&b,PHASES,2019,2WLUF4duyNMxLMnSMyfN6L
album,Ne-Yo,r&b,Another Kind Of Christmas,2019,7Je8migIu4vEi6JT2XbbYe
album,Chris Brown,r&b,Indigo (Extended),2019,3okhA6w5uau6ZNhnVpwVww
album,Chris Brown,r&b,Indigo,2019,1BfLzaTFI5qKsAAk0Ae6aV
album,Khalid,r&b,Free Spirit,2019,6KT8x5oqZJl9CcnM66hddo
album,Beyoncé,r&b,The Lion King: The Gift,2019,552zi1M53PQAX5OH4FIdTx
album,Beyoncé,r&b,HOMECOMING: THE LIVE ALBUM,2019,35S1JCj5paIfElT2GODl6x
album,Lola Young,r&b,Intro,2019,7nlnkF135vozYOVdbtEi0z
album,Sam Cooke,r&b,"Sam Cooke Soul, Vol. 1",2019,0vXcYX3PLW2NiTuW4CArW1
album,KAYTRANADA,r&b,BUBBA,2019,5FQ4sOGqRWUA5wO20AwPcO
album,Omar Apollo,r&b,Friends,2019,1G3k89T6eKqTXU9qbDqmr6
album,Blood Orange,r&b,Angel's Pulse,2019,3KLLRiCnqYvt78H52TeZ1k
album,Montell Fish,r&b,Bedroom Lofi,2019,6zvGIAgWSOkS1w8F4C42Mi
album,Montell Fish,r&b,Nights & Days.,2019,13G65Pa4a3yM8pfN8wLrH3
album,Ashanti,r&b,Come 2 Me,2019,48u0xBHXLOphE1gZDDOdGk
album,Mariah the Scientist,r&b,MASTER,2019,3WUKQFrLXnp2zeGcJyygkT
album,Prince,r&b,1999 (Super Deluxe Edition),2019,1rVZhQOyV33ZKRNXTnrjTM
album,Prince,r&b,The VERSACE Experience (PRELUDE 2 GOLD),2019,6ru150aGSGFGip4MaxCNiL
album,Prince,r&b,Originals,2019,1X1So5oX4TCFGdK6BN9UXs
album,Little Simz,r&b,GREY Area,2019,3Z8Df4ghTJ7afEWkurB2I1
album,Destiny's Child,r&b,Destiny's Child: The Untold Story Presents Girls Tyme,2019,7lfq6BX56cETlgQEtmHnzF
album,Wale,r&b,Wow... That's Crazy,2019,0JRDNN0AuZZiwyrOWkNDXC
album,Gesaffelstein,r&b,Hyperion,2019,0JA38Ekhsv43y2lBj5GQkQ
album,Joe Cocker,r&b,The 1968 Sessions (Live 1968),2019,4IudcrD3c29RXlA9IGqBuV
album,Mary J. Blige,r&b,HERstory Vol. 1,2019,42trOIladKh6FwRUph59ui
album,Aleesha,r&b,19:19,2019,56mWvQ4n8XIH27b8mFkp0R
album,The Black Keys,r&b,"""Let's Rock""",2019,0aA9rYw8PEv9G7tVIJ9dKg
album,Aretha Franklin,r&b,Aretha Franklin,2019,6zGzgDu5jJIyxvyFA6HR5f
album,ZZ Top,r&b,Goin' 50 (Deluxe Edition),2019,6UrpoekKiXvREznD2aAQkY
album,ZZ Top,r&b,Goin' 50,2019,5NLRTVJbkSYzcsBphObMMg
album,H.E.R.,r&b,I Used To Know Her,2019,0IMTA2Wz6p8CNZ0MDK2zvg
album,Otis Redding,r&b,Live at the Monterey International Pop Festival,2019,2HD66IaGm71axXSA8hPyNg
album,Summer Walker,r&b,Over It,2019,1qgJNWnPIeK9rx7hF8JCPK
album,Lionel Richie,r&b,Hello From Las Vegas (Deluxe),2019,7FIU253gt9jvbTeLfKQbPC
album,FKA twigs,r&b,MAGDALENE,2019,3DMR3yM5crnt1dG9lLaMTZ
album,SAINt JHN,r&b,Ghetto Lenny's Love Songs,2019,0Tbf101DgSbH9k9gOMYjAF
album,Dutch Melrose,r&b,After Hours,2019,2pGvwQlmqbEnOMDN18c7wf
album,James Brown,r&b,Live At Home With His Bad Self (2019 Mix),2019,7w91T8DipsquDd7aw3okyu
album,The Temptations,r&b,Dream Come True (Remastered),2019,6sKltAC8DwHxWO0DpeWyVT
album,CKay,r&b,CKay The First,2019,6lheAtw3IcJvflIhLbykih
album,Ciara,r&b,Beauty Marks,2019,1Ww0yZ7iXbzkE5duwnMVNI
album,The Righteous Brothers,r&b,All Time Greats,2019,24CbH0PK4BnVUWP59klvom
album,PnB Rock,r&b,TrapStar Turnt PopStar (Deluxe Edition),2019,2uBhSx6lqr4RkWM2YUYOrC
album,PnB Rock,r&b,TrapStar Turnt PopStar,2019,3TaYhEM7MtqukeISKBV2cx
album,J.J. Cale,r&b,Stay Around,2019,4ucx366gQtYYZLU2XRGDXz
album,Status Quo,r&b,Backbone,2019,6I6Jc5Y3GGwZclpqzkYMVz
album,Léo Santana,r&b,Macaco Sessions: Léo Santana (Ao Vivo),2019,71ra4tzMbei4soQksKEOGX
album,Léo Santana,r&b,Levada Do Gigante (Ao Vivo / Pt. 1),2019,2V6lppT35Dd0eMw9rNbkJG
album,Jacquees,r&b,Christmas In Decatur,2019,1joyjctBPCXfUPy6cwQyUL
album,Jacquees,r&b,King of R&B,2019,4OloUHZpVVLawhX0DpBSrW
album,Zacari,r&b,Run Wild Run Free,2019,6tTIwDAjHvL2d3PV2fg1Vh
album,Kaash Paige,r&b,Parked Car Convos,2019,5CEfb4A8SgiCOY6R7c7s34
album,Maverick Sabre,r&b,When I Wake Up,2019,7fTeO9yatW5oHOJKKg6FfD
album,Jaden,r&b,ERYS (Deluxe),2019,6cKBoHXh7dKn2gVsGniZ58
album,Ivete Sangalo,r&b,Ivete Sangalo Live Experience (Ao Vivo Em São Paulo / 2018),2019,0qO6ZPC8y2eXVA1AidKGZQ
album,Aloe Blacc,r&b,Christmas Funk (2019),2019,3NdYH3AYyTCjyIDLzcjMsq
album,GIVĒON,r&b,TAKE TIME,2020,1zHR48K6XtWYm6bhrw4J6C
album,Tems,r&b,For Broken Ears,2020,2sU8ByeYc5BOBFNDr58CGV
album,Eric Clapton,r&b,Riding With The King (20th Anniversary Deluxe Edition),2020,7C6mI7TlzE2eyganXsihsI
album,Eric Clapton,r&b,Live in Denmark 1969,2020,1nc6356HcuAFa002IDOGPD
album,Kehlani,r&b,It Was Good Until It Wasn't,2020,6ROLwnmW9pOioLned0DaP3
album,Brent Faiyaz,r&b,Fuck The World - ChopNotSlop,2020,3eeUR5VpTDYcQGM6dsssOZ
album,Brent Faiyaz,r&b,Fuck The World,2020,3vi20DRHkqv4HyVg9Rt9wC
album,Steve Lacy,r&b,The Lo-Fis,2020,6m5qlaMzLtNsQDj3DQY5ji
album,Tinashe,r&b,Comfort & Joy,2020,7phIvzVMKnCXjLbRKdGk1l
album,Bryson Tiller,r&b,A N N I V E R S A R Y,2020,5KpXxX7OUDXRs25qLyN8NA
album,Bryson Tiller,r&b,T R A P S O U L (Deluxe),2020,54B6i7KlSGD9fAzKQB7n89
album,Tory Lanez,r&b,Loner,2020,7piqXIg89Lj9rHrfME4cC5
album,Tory Lanez,r&b,DAYSTAR,2020,1fSr7CMs4ewhuylB6NZCPo
album,Tory Lanez,r&b,The New Toronto 3,2020,2TbrXjwWklhT7JrC5sdUkf
album,Doechii,r&b,Oh The Places You’ll Go,2020,0VV963BfZvQmjzZ14ai7Gu
album,The Weeknd,r&b,After Hours (Deluxe),2020,742eAldb4AJKLoPgJhGRE7
album,The Weeknd,r&b,After Hours,2020,4yP0hdKOZPNshxUOjY0cZj
album,T-Pain,r&b,The Lost Remixes,2020,01wNAJemmGxxn5gmIhJ3GQ
album,PARTYNEXTDOOR,r&b,PARTYPACK,2020,1ZJpGFHYQSTDTIk6bzo5sh
album,PARTYNEXTDOOR,r&b,PARTYMOBILE (Chopped Not Slopped),2020,7954tDYraStpAFjS8SdPfo
album,PARTYNEXTDOOR,r&b,PARTYMOBILE,2020,7z20vHCSgu68lplj1Q976a
album,Chris Brown,r&b,Slime & B,2020,7fZKtzZAsfH0kzeTivu5TG
album,Jason Derulo,r&b,Jason Derulo (10th Anniversary Deluxe),2020,1mbNqu5D67Ry2N9aJFMxTj
album,Alvaro Diaz,r&b,Diaz Antes,2020,5gk9ozZKJuosICdYgwa5JW
album,Beyoncé,r&b,The Lion King: The Gift [Deluxe Edition],2020,7kUuNU2LRmr9XbwLHXU9UZ
album,Kali Uchis,r&b,Sin Miedo (del Amor y Otros Demonios) ∞ [Deluxe Version],2020,64SrjXrYNfYvQcccFmYEHu
album,Kali Uchis,r&b,Sin Miedo (del Amor y Otros Demonios) ∞,2020,00wSTrFxoSzA7eeS1UxHgd
album,Alicia Keys,r&b,ALICIA,2020,1168pCxg0HeTRqyutFf4o1
album,Ty Dolla $ign,r&b,Featuring Ty Dolla $ign,2020,6M4Nu5UgX097dxeF2lm9P8
album,Akon,r&b,Ain’t No Peace,2020,1Rbika7sn7sLt2SGC7IxXf
album,Masego,r&b,Studying Abroad: Extended Stay,2020,1S0yIZRDiFmqCQyTIEV175
album,KAYTRANADA,r&b,BUBBA (Instrumental Version),2020,2OKXfIrdweRkrZmgD0Ikaz
album,Omar Apollo,r&b,Apolonio,2020,7HlxxaJOHK0ArY4Ae4Qfc7
album,070 Shake,r&b,Modus Vivendi (Instrumental Selections),2020,3DB5Vm0RuowCoLXQHhfAry
album,070 Shake,r&b,Modus Vivendi,2020,6Q2rUMVAKj1DaDh3xB0IEU
album,Prince,r&b,Sign O' The Times (Super Deluxe),2020,2Uv3zad993qvBkrOcIqdgq
album,6LACK,r&b,Home For The Holidays,2020,36FCfBWbs9gwznVCWC4gg4
album,Russ,r&b,SHAKE THE SNOW GLOBE (DELUXE),2020,5Vmz3pIxG7Dsx7fzHgtyJB
album,Russ,r&b,SHAKE THE SNOW GLOBE,2020,2ZzatxW5gv1XZ0uai8TKxk
album,NIKI,r&b,MOONCHILD,2020,312cHRlzeS4VuD1RHzAGIt
album,Mary J. Blige,r&b,My Life (Deluxe / Commentary Edition),2020,7tonSDqVXTichuMnlS8TbO
album,The Black Keys,r&b,Brothers (Deluxe Remastered Anniversary Edition),2020,7lhJVTvqL3QbwGN12QLiVj
album,Jhené Aiko,r&b,Chilombo (Deluxe),2020,1JsySWOa2RchsBB2N4313v
album,Jeremih,r&b,Merry Christmas Lil Mama: The Gift That Keeps On Giving,2020,1ytfpLuUC11zEpbq4yM9Uu
album,Kool & The Gang,r&b,Live,2020,5wukX5g76VlGsj8aR2C94S
album,Sevdaliza,r&b,Shabrang,2020,0VtzP3PGH07r1pzwX1CSwq
album,Kelly Rowland,r&b,Bad Hair (Original Motion Picture Soundtrack),2020,2ixVLy8zYoXRARA7qFhYYK
album,Summer Walker,r&b,Over It (Complete Set),2020,7xILMK2dqawf30xGvHQvQC
album,Summer Walker,r&b,Home For The Holidays,2020,36FCfBWbs9gwznVCWC4gg4
album,Juicy Luicy,r&b,Sentimental,2020,17vUW6koeUkV58uYfkK6G3
album,Brandy,r&b,b7,2020,4Fv3f2Y4CNZY7UoBXuXqK2
album,112,r&b,Forever,2020,2n917UxTt01h0WFw4skif5
album,Trey Songz,r&b,Back Home,2020,6tJKIc90Q5FuHbAWsrBPkI
album,Trey Songz,r&b,Anticipation II,2020,6FjJhG0ooa3IPoSQZjGWr8
album,Trey Songz,r&b,Anticipation I,2020,4PNU2kK8yL1us1W8Y0u1h5
album,Fernandinho,r&b,Galileu (Acústico),2020,5zpRDVjsBHU4bTg4ZccDHs
album,Fernandinho,r&b,Santo (ao Vivo),2020,3C045D8PbtTjwGyiVYQRfX
album,Fernandinho,r&b,Santo (ao Vivo) [Playback],2020,5D9Qs3C2Ptld8Tp2r4niTc
album,Toni Braxton,r&b,Spell My Name,2020,7cVfHcCdsGH28PMMRdTQg5
album,SAINt JHN,r&b,While The World Was Burning,2020,4VflgB2PsZCQc5jBLLmToV
album,SB19,r&b,Get In The Zone,2020,4JlsfnNH8MCDXR0ypy1zcm
album,Ben Harper,r&b,Winter Is For Lovers,2020,2jRFS663e7VPtA64depQBV
album,J.J. Cale,r&b,Drifters Life; The Broadcast Diary (LIVE),2020,1MzCCKlW9DYxqo5gUjWFx8
album,Gary Moore,r&b,Live From London,2020,3E8pjlAZdsgIpZ95dbQQ9T
album,Léo Santana,r&b,Al Mare (Léo Santana Ao Vivo / 2020),2020,4qX0iBJJuhC7YmYvMC9JZ3
album,Léo Santana,r&b,Levada Do Gigante (Ao Vivo),2020,5nchN5NncidzvxkTlSFK8e
album,Léo Santana,r&b,Levada Do Gigante (Ao Vivo / Pt. 2),2020,4oO0DPB6UyM2ldoKKLMLGc
album,Gabriela Rocha,r&b,Juntos Em Adoração (Live 2020),2020,1yYj9smqcSBfxXuYBQ1XbS
album,Gabriela Rocha,r&b,Hosana (Ao Vivo),2020,7k4vRmoiCX5Xvta66oFOUL
album,Kaash Paige,r&b,Teenage Fever,2020,0nfhJM8ywsCnOmoJNblItu
album,Cleo Sol,r&b,Rose in the Dark,2020,4o5dzQHDzmBBc4Z3jSWVR9
album,Blxst,r&b,No Love Lost (Deluxe),2020,7AwrgenNcTAJlJF3pKL0Qr
album,Blxst,r&b,No Love Lost,2020,0pwGvLOBpgIgFlrQVSRqh9
album,Jaden,r&b,CTV3: Cool Tape Vol. 3,2020,2NuZ1TloomufyKf57ZLBQn
album,Amaarae,r&b,THE ANGEL YOU DON'T KNOW,2020,1cceIhCQ8R79pwy8jbZFqE
album,Bootsy Collins,r&b,The Power of the One,2020,0HiqFidTpNyPKiaW8B0lwg
album,Ivete Sangalo,r&b,Arraiá Da Veveta,2020,2uASdtYZsn2RljUVbYy8Ep
album,Jay Sean,r&b,M3,2020,1CjnAOO7OmsjtlwLtDS8AO
album,GIVĒON,r&b,When It's All Said And Done... Take Time,2021,1otOJAtgvO5VCBL4Gykrrd
album,Anderson .Paak,r&b,An Evening With Silk Sonic,2021,4VZ7jhV0wHpoNPCB7Vmiml
album,Bill Withers,r&b,Stay For Happiness (Live '71),2021,2q83kMB6qDcB6JFA0sdYT6
album,Eric Clapton,r&b,The Lady In The Balcony: Lockdown Sessions (Live),2021,2pnfVMvTS8ozs9f1dbLubY
album,Eric Clapton,r&b,Eric Clapton (Anniversary Deluxe Edition),2021,1Mivil35SHdgKFvxZeEmp4
album,Marvin Gaye,r&b,What’s Going On: The Detroit Mix,2021,7qD9oSiS3xFJsw2oSV2akp
album,Marvin Gaye,r&b,What's Going On (Deluxe Edition / 50th Anniversary),2021,1rfm091srlg2gIh9a2m92J
album,Marvin Gaye,r&b,Funky Nation: The Detroit Instrumentals,2021,5THx22ghMdWSUD8qNzN67G
album,Tinashe,r&b,333,2021,2VOHb02PHjs4bu5qPPy1Dy
album,Bryson Tiller,r&b,A Different Christmas,2021,52QMK9SFNjiuz3ipkuVVZu
album,Bryson Tiller,r&b,A N N I V E R S A R Y (Deluxe),2021,272GPDEjWzJtyZfHDWFXBy
album,Micro TDH,r&b,NUEVE,2021,1QarGcpgUIOxlH658yPZ5R
album,Tory Lanez,r&b,Alone At Prom,2021,5Gm2XKBgnlzd6qTi7LE1z2
album,Tory Lanez,r&b,PLAYBOY Live,2021,4SrLr4tAV2aEZt17kz9Wwa
album,Tory Lanez,r&b,PLAYBOY,2021,0ccEYmcKK8UKt5zZ0lGgJ7
album,Chase Atlantic,r&b,BEAUTY IN DEATH,2021,52abbUrmRs1bmdVp01U9e2
album,Ne-Yo,r&b,In My Own Words (Deluxe 15th Anniversary Edition),2021,4uQ89DNW3sb8WxzmlI7jP1
album,Alvaro Diaz,r&b,Felicilandia,2021,7jg09IJJXi1eigVLZja2hN
album,Khalid,r&b,Scenic Drive (The Tape),2021,5HBwLKK7l3N8fovxDlTBpE
album,Alicia Keys,r&b,KEYS,2021,76vpmS3ZCGm4hN8QtbnedX
album,Alicia Keys,r&b,ALICIA: The Selects,2021,3d4awp3tsTErQX0n0aUThs
album,SZA,r&b,Dear Evan Hansen (Original Motion Picture Soundtrack),2021,0yURloAyqmXCjQ1rmX0ltA
album,Ty Dolla $ign,r&b,Cheers to the Best Memories,2021,15D9ut0TGWReBDq4YRQoZA
album,AUDREY NUNA,r&b,a liquid breakfast,2021,45QlLBsyMU0XRqw3cxdTKb
album,Charlie Brown Jr.,r&b,Chegou Quem Faltava - Versão do Chorão (Ao Vivo),2021,17Bgx3wXQinZnrCNWz1JWJ
album,Charlie Brown Jr.,r&b,Chegou Quem Faltava - Versão Completa (Ao Vivo),2021,2DdcxV4j1ZXwEiKWBsIZ8i
album,Charlie Brown Jr.,r&b,Chegou Quem Faltava - Volume 2 (Ao Vivo),2021,5ayvfXBDzwD15sOazeejGT
album,Charlie Brown Jr.,r&b,Chegou Quem Faltava - Volume 1 (Ao Vivo),2021,5CANAe0Z9KCe8Fy3YMvE7E
album,Mariah the Scientist,r&b,RY RY WORLD,2021,6i1OieEQCZaMlQZZ44VLON
album,Prince,r&b,Welcome 2 America,2021,6Idpgkp0xxbQA3Ej1QdsZh
album,Little Simz,r&b,Sometimes I Might Be Introvert,2021,4nOym5RKE8Opauf3rMxPAW
album,paopao,r&b,paopao (sped up),2021,24ILJo1joodPnxVnIXinys
album,Russ,r&b,CHOMP 2,2021,6a1EFm7L9Nl1wTm7JsrYBK
album,Wale,r&b,Folarin II,2021,1GyvDV1vj6x3GH61CNRv3H
album,The Black Keys,r&b,Delta Kream,2021,682pJqnx8hcrCfSjvyNBki
album,Jhené Aiko,r&b,Sailing Soul(s),2021,6zp8MKrhIwSdZojADmIDim
album,Yebba,r&b,Dawn,2021,3CogjJSvRqbIQuNJVR2JcP
album,HUMBE,r&b,AURORA,2021,2Yjubr5GHX41ht808oZPzs
album,HUMBE,r&b,ENTROPÍA Live Sessions,2021,0VgFxIOIOY41GjPkaNNYf1
album,HUMBE,r&b,ENTROPÍA,2021,34ra2lYORSjzzupmCDKz46
album,Kool & The Gang,r&b,Perfect Union,2021,2Y3RBEX9PVjZgIc1Hk3MjF
album,Aretha Franklin,r&b,That Lucky Old Sun,2021,6XZ38gud1AQcgPqTpItPhF
album,Aretha Franklin,r&b,ARETHA,2021,0RemO3TlI1NdaeWqdE4E9H
album,Aretha Franklin,r&b,The Gospel Recordings,2021,66M6x4mVQG3r4rlvdDTdDv
album,Aretha Franklin,r&b,The Genius of Aretha Franklin,2021,0mFH7N9HhSCzJ7Kd0qW29e
album,Aretha Franklin,r&b,The Glory of Aretha: 1980-2014,2021,18AjhxTfNyhkQSj9x4DxCN
album,Aretha Franklin,r&b,The Genesis of Aretha: 1960-1966,2021,46rXeT9V36y4MaVgPWXlKf
album,H.E.R.,r&b,Back of My Mind,2021,4IwODpNZKFYkHWXSeWMGmP
album,Summer Walker,r&b,Still Over It,2021,4lPqFAvgmG97pxyxQsyCQx
album,Lionel Richie,r&b,Renaissance (Deluxe Edition),2021,3N3yf0PwhbnNuuF8rlbujH
album,Lionel Richie,r&b,Time (Deluxe Version),2021,4w494FIJnkdXGqiDC3TG7q
album,Lionel Richie,r&b,Just For You (Deluxe Edition),2021,3gUHlpzwA6wnYHOTfaZipT
album,Lionel Richie,r&b,Louder Than Words (Deluxe Edition),2021,1VWWrIf1fSS2xZYwFtszA2
album,Dijon,r&b,Absolutely,2021,4E691gbRgo2Zb6ToII2DWO
album,Celeste,r&b,Not Your Muse (Deluxe),2021,3xdG9ztDWLaxfNupAPMflO
album,Fernandinho,r&b,Santo (Acústico),2021,0SVVv1VaL4w98AqlcMIaAe
album,Fernandinho,r&b,"Série Acústica Com Fernandinho, Vol. 3 (Acústico)",2021,461uxJ7Fk4jjJ1q8gYo16L
album,Fernandinho,r&b,"Série Acústica Com Fernandinho, Vol. 2 (Acústico)",2021,6auA8qJDI0OqKehNzbWc6q
album,Fernandinho,r&b,"Série Acústica Com Fernandinho, Vol. 1 (Acústico)",2021,7559s8MIyKjLaUZo8apZIJ
album,Fernandinho,r&b,Santo (Edição Especial) [Ao Vivo],2021,1tYrScKIwBcDB2wSQvSXzF
album,Kid Ink,r&b,ALIVE,2021,0DeiHwirbc7T21dA8BZXXu
album,The Temptations,r&b,Emperors Of Soul: The Rarities,2021,2OaUXP18rfeetAvZbPuj4H
album,CKay,r&b,Boyfriend,2021,3emQmkPrhepRzfm4eR7D8D
album,Diana Ross,r&b,Thank You,2021,3IHDaf8CClvaSdgrewRPjl
album,COLORS,r&b,Dark Crystals / Soft Crowns - COLORS INDIGO,2021,0Y5NF1H7NRcnJDEpRgUDZ4
album,Rockwell,r&b,Somebody’s Watching Me (Deluxe Edition),2021,3KNhsxTprUVXDEJFRNh2HN
album,Afgan,r&b,Wallflower,2021,5LFH7fj2hCEPCGh7Ojsne3
album,J.J. Cale,r&b,Moon Smoke (Live 1983),2021,33fuSyhdBANawEa7fQEE4f
album,J.J. Cale,r&b,Blowin' Down The Road (Live 1993),2021,1xRopj2lcoux9Hxnai8Arb
album,Gary Moore,r&b,How Blue Can You Get,2021,0ZpuZkMjlRYETgOAjVAaZp
album,Léo Santana,r&b,LetsGo,2021,3wFGB5LnCmS7TWFUY0xLwZ
album,Natiruts,r&b,Good Vibration - Vol. 1,2021,4F6bIheCKeB1DdoG5OaoYG
album,Cleo Sol,r&b,Mother,2021,3cDl7l5FGQi93NgtqFR1gR
album,Blxst,r&b,Sixtape 2,2021,4B7vNl7Ud0csW77uXYeMGM
album,Jaden,r&b,CTV3: Day Tripper's Edition,2021,0sTsD2n8TsSpIGZhFsCXeS
album,Majid Jordan,r&b,Wildest Dreams,2021,2ZdYh11KscDPsVKtxQY0ev
album,Amarion,r&b,Mood,2021,2y9EylV84bVUrSgTEAXTEV
album,Muni Long,r&b,Nobody Knows,2021,1YqXKazjciESQkJRuQffAm
album,Flavio Rodriguez,r&b,París Texas,2021,79jd8BovdQ9PqXSoPNEvr6
album,Aloe Blacc,r&b,All Love Everything (Deluxe),2021,7xUEy3UR5uGEv3JvfrXKdb
album,GIVĒON,r&b,Give Or Take,2022,64LkgCfNbLqjclQYCTid8L
album,Eric Clapton,r&b,Nothing But the Blues (Live),2022,5PGQW0n8n0JDxmpPkAgwIc
album,Kehlani,r&b,blue water road,2022,2WfV3cpI2BUuIxMISh9nqF
album,Marvin Gaye,r&b,Live,2022,1SLBzBe1NNQeeMMsFc7Rey
album,Brent Faiyaz,r&b,WASTELAND,2022,0PHMNbcgHfzSUALlfk7wGg
album,Steve Lacy,r&b,Gemini Rights,2022,3Ks0eeH0GWpY4AU20D5HPD
album,Tinashe,r&b,333 (Deluxe),2022,4cogLi0G1CHWTHCdrU9ujy
album,Micro TDH,r&b,"The Classics, Vol. 1",2022,7Fk8BYKoCrlqVHAyYY7yfP
album,Tory Lanez,r&b,Sorry 4 What,2022,7MUY0WxCmHcgEEeQNjoe8a
album,The Weeknd,r&b,Dawn FM (Alternate World),2022,12INlMsFtBjyehNnawBv36
album,The Weeknd,r&b,Dawn FM,2022,2nLOHgzXzwFEpl62zAgCEC
album,Ravyn Lenae,r&b,HYPNOS,2022,5Y4hUd0FPvCed5lu7loMXZ
album,RaiNao,r&b,ahora A.K.A NAO,2022,7rGwf6uEx1n7o5x53r2oaD
album,"Earth, Wind & Fire",r&b,Bring Yourself True (Live 1974),2022,0nVOSSbYkUBKBYh2D4WSDn
album,Chase Atlantic,r&b,BEAUTY IN DEATH (DELUXE EDITION),2022,4tb9KRJe8FNjYIRbvtGTG5
album,Stevie Wonder,r&b,Love & Affection (Live 1975),2022,3wl8NRDyJ0EDQcj8gu2J3N
album,Ne-Yo,r&b,Another Kind Of Christmas (Deluxe Edition),2022,4eXU2dSDm6vhvVPujL5etw
album,Ne-Yo,r&b,Self Explanatory,2022,01Uup2bu0jcnyaNmHjgTF4
album,Chris Brown,r&b,BREEZY - It's Giving Christmas,2022,6YA4khiUxTlEpPRIuf4KgA
album,Chris Brown,r&b,Breezy (Deluxe),2022,79WcTJuCulopfqul1awYJk
album,Chris Brown,r&b,Breezy,2022,31U6s6obQrBLTqyvqfqzlM
album,Beyoncé,r&b,RENAISSANCE,2022,6FJxoadUE4JNVwWHghBwnb
album,USHER,r&b,My Way (25th Anniversary Edition),2022,3ideAfrVvWpeZkKB9fOz81
album,Alicia Keys,r&b,Santa Baby,2022,5ichhxPbZc7s1azvGRrNsO
album,Alicia Keys,r&b,KEYS II,2022,4z4IDBBvwAl3SyUOorj5M0
album,SZA,r&b,SOS,2022,07w0rG5TETcyihsEIZR3qG
album,SZA,r&b,Ctrl (Deluxe),2022,6FKP2O0oOvZlDkF0gyTjiJ
album,Michael Jackson,r&b,Thriller 40,2022,57TzZhbqvYoUBzJSVKFVlG
album,Akon,r&b,Konvicted (Complete Edition),2022,4SAz7HhY1uBvxF6O9k1iyq
album,AUDREY NUNA,r&b,a liquid breakfast DELUXE,2022,6LDit3vNb3nWRCNza4IfHj
album,Nsqk,r&b,ROY,2022,40hEXrrbfFrriCUTOw4uRh
album,Omar Apollo,r&b,Ivory (Marfil),2022,3ZexesAv5PN4RPMiEkOEXC
album,Omar Apollo,r&b,Ivory,2022,5z7TD11Qh81Gbf52hd5zAv
album,070 Shake,r&b,You Can’t Kill Me,2022,6KQa2rAuOS2rX18xyA9eru
album,Montell Fish,r&b,Her Love Still Haunts Me Like a Ghost,2022,3q6BNwqgHKVzXzAv2ZV6tD
album,Montell Fish,r&b,JAMIE,2022,4StdgB0YaIYLGhhXBLuoWl
album,Prince,r&b,Prince and The Revolution: Live (2022 Remaster),2022,4Y8oukfqpJupRcCsHucO7J
album,Little Simz,r&b,NO THANK YOU,2022,57263zG8Md6XZ9lBUPPYCm
album,paopao,r&b,diamantes y espinas,2022,3o86U2Y7aQCgQe2kQQOz8T
album,paopao,r&b,hembrismo,2022,1BI2alnlw8r7uaFFjDGZur
album,6LACK,r&b,Home For The Holidays Vol. 2,2022,5EtnUbybYghEoq8tvMm382
album,NIKI,r&b,Nicole,2022,0TMmGHybMKtsjBBEmwXHkF
album,Wale,r&b,More About Nothing,2022,77bq36djXWSqOQtxb7Zfxx
album,Mary J. Blige,r&b,Good Morning Gorgeous (Deluxe),2022,5K3aBzXwBvSltrtfBNYRl6
album,Mary J. Blige,r&b,Good Morning Gorgeous,2022,3nsB4o3510eSLWoFdE6wqA
album,Aleesha,r&b,La Patrona,2022,7GTks3uBI8W9D2EeFYp9V1
album,The Black Keys,r&b,Dropout Boogie,2022,7LLyQJzyD56Avzk3uFzKUk
album,Jhené Aiko,r&b,Sleep Soul Relaxing R&B Baby Sleep Music (Vol. 2 / Presented by Jhené Aiko),2022,3NmfLWcT023WA9xkFxUOVK
album,Jeremih,r&b,Late Nights With Jeremih,2022,6BaIJnFDztZfnTCxyJxAo4
album,Mark Knopfler,r&b,The Studio Albums 2009 – 2018,2022,7hhxms8KCwlQCWffIJpN9b
album,Mark Knopfler,r&b,The Studio Albums 1996-2007,2022,2D58PDJ94VVU5bz0xGbnOD
album,Aretha Franklin,r&b,Taking Care Of Business (Live 1971),2022,2LenyPvEr2doFYqjsQqCtP
album,ZZ Top,r&b,RAW (‘That Little Ol' Band From Texas’ Original Soundtrack),2022,1ffoQmr9pU3NXGz15QwKZw
album,Otis Redding,r&b,One Way Ticket (Live 1967),2022,6K889XY8wC34ujExArNPUU
album,Summer Walker,r&b,Home For The Holidays Vol. 2,2022,5EtnUbybYghEoq8tvMm382
album,Summer Walker,r&b,Last Day Of Summer (Sped Up),2022,2vIAupx3DY7BXPCG2WeQHw
album,FKA twigs,r&b,CAPRISONGS,2022,3G77BQuJy3jahjdkKQNNNM
album,Ella Mai,r&b,Heart On My Sleeve,2022,6p5jJLTFiYgk95HhW0unhy
album,Fernandinho,r&b,Una Nueva Historia (Espanhol),2022,75GTKHL6mcZG5B4Yx6bxG5
album,Fernandinho,r&b,VERSÕES VOL. 1: Fernandinho e Paula Santos (Acústico),2022,6Oct2O7PDBuXEjaU3x1TDb
album,Tommy Richman,r&b,ALLIGATOR,2022,2fS7BLnNrjXc9s7WmGmyoH
album,Janet Jackson,r&b,The Velvet Rope (Deluxe Edition),2022,6PpBVewnKKDvfYs3XhfA2Z
album,Dutch Melrose,r&b,"Dutch Melrose (Sped Up Versions), Pt. 1",2022,736EZe7pWESthq17IY5Z6q
album,Kid Ink,r&b,ALIVE (Deluxe),2022,1ThGGXmoSFxHIQLhE4vy7M
album,James Brown,r&b,Super Bad Live!,2022,0A1X2WAwsc4ERUGTctTZn4
album,James Brown,r&b,Fever Keeps Growin' (Live 1977),2022,5ChPhpkGdhn7nHAylzPiTA
album,James Brown,r&b,Black & Loud: James Brown Reimagined By Stro Elliot,2022,4ysy6umDtSHhJ84ebHElVu
album,The Jackson 5,r&b,Remember One Day (Live 1975),2022,6RYZwuiWyxZxW7sCyI3fGW
album,Hikaru Utada,r&b,Hikaru Utada Live Sessions from Air Studios,2022,7IW2fn8BbxdqXBdjZ9C3GM
album,Hikaru Utada,r&b,BADモード,2022,7Kxd4i6FPfW0ZuP3Q96uij
album,The Temptations,r&b,Temptations 60,2022,2Cvhl6d7h9t08U248CG4vB
album,CKay,r&b,Sad Romance,2022,0Tm2AxwlhkZ234TRIe7IoY
album,Ben Harper,r&b,Bloodline Maintenance,2022,5ZiQvnBPWaLdNtoZxYNuth
album,PnB Rock,r&b,SoundCloud Daze,2022,0CcNCEzyIKRWzdXvtnwGS7
album,Amber Mark,r&b,Three Dimensions Deep,2022,1S8KMYJE7raT6e6hfPRLUU
album,攬佬SKAI ISYOURGOD,r&b,SKAI IS YOUR GOD NO.1,2022,1TV2QG3TAhW8t86zxbORV2
album,Gary Moore,r&b,Welcome Back My Friends,2022,6cJDwnJaqY5QaM9DscjjKU
album,Status Quo,r&b,Heavy Traffic (Deluxe Edition),2022,58mjZ3DZeCgS5KXms2AKXr
album,Léo Santana,r&b,GG Astral (Ao Vivo),2022,6dEcD3WxO3tZ3lLJusLFl1
album,Jacquees,r&b,Sincerely For You,2022,6KqdU8DuBJiho89Rjznzze
album,Kaash Paige,r&b,S2ML,2022,1G51luYDLyckmDyBuntQdL
album,Maverick Sabre,r&b,Lonely Are the Brave (Mav's Version),2022,62MJBLFK4G1AM9ZZS0p3Ph
album,Maverick Sabre,r&b,Don't Forget to Look Up,2022,5tjk1ytGtD0o0uSS52VkeK
album,Blxst,r&b,Before You Go,2022,4bXS4Vs7WMBRiJ1VdPTCte
album,Jesse Baez,r&b,Amor En Español,2022,1e8k4kAKtcC5GIjfP4JDdR
album,Ivete Sangalo,r&b,Macaco Sessions,2022,6lYlRh4dv5QzJZXZzlau7i
album,Ivete Sangalo,r&b,Onda Boa Com Ivete,2022,5Fwn0WXSzlAFg7ZJnQnaIO
album,Muni Long,r&b,Public Displays Of Affection: The Album,2022,7fe4Mem3wWgY6zkTFuKUI9
album,Bakar,r&b,Nobody's Home,2022,231jpal5NKt2c1QFN1D6AZ
album,Natalie Cole,r&b,Unforgettable...With Love,2022,4yy5d2JaY2JhLMJg8KVkK0
