tipo,artista,artista_id,genero,nombre,año,popularidad_artista
album,Anderson .Paak,3jK9MiCrA42lLAdMGUZpwa,r&b,Oxnard,2018,75
album,Anderson .Paak,3jK9MiCrA42lLAdMGUZpwa,r&b,Oxnard (Instrumentals),2018,75
album,Tinashe,0NIIxcxNHmOoyBx03SfTCD,r&b,Joyride,2018,77
album,The Weeknd,1Xyo4u8uXC1ZmMpatF05PJ,r&b,"My Dear Melancholy,",2018,94
album,Eric Clapton,6PAt558ZEZl0DmdXlnjMgD,r&b,Happy Xmas,2018,71
album,Tory Lanez,2jku7tDXc6XoB6MO2hFuqg,r&b,LoVE me NOw (ReLoAdeD),2018,80
album,Tory Lanez,2jku7tDXc6XoB6MO2hFuqg,r&b,MEMORIES DON'T DIE,2018,80
album,Khalid,6LuN9FCkKOj5PcnpouEgny,r&b,Suncity,2018,82
album,"Earth, Wind & Fire",4QQgXkCYTt3BlENzhyNETg,r&b,"Earth, Wind & Fire (Live in Tokyo)",2018,74
album,USHER,23zg3TcAtWQy7J6upgbUnj,r&b,"""A""",2018,81
album,T-Pain,3aQeKQSyrW4qWr35idm0cy,r&b,"Everything Must Go, Vol. 2",2018,79
album,T-Pain,3aQeKQSyrW4qWr35idm0cy,r&b,"Everything Must Go, Vol. 1",2018,79
album,SZA,7tYKF4w9nC0nq9CsPZTHyP,r&b,Black Panther The Album Music From And Inspired By,2018,88
album,Ne-Yo,21E3waRsmPlU7jZsS13rcj,r&b,GOOD MAN (Deluxe),2018,81
album,Kali Uchis,1U1el3k54VvEUzo3ybLPlM,r&b,Isolation,2018,83
album,Ty Dolla $ign,7c0XG5cIJTrrAgEC3ULPiq,r&b,MIH-TY,2018,81
album,Ty Dolla $ign,7c0XG5cIJTrrAgEC3ULPiq,r&b,Beach House 3 (Deluxe Edition),2018,81
album,Masego,3ycxRkcZ67ALN3GQJ57Vig,r&b,Lady Lady,2018,69
album,Blood Orange,6LEeAFiJF8OuPx747e1wxR,r&b,Negro Swan,2018,72
album,Janelle Monáe,6ueGR6SWhUJfvEhqkvMsVs,r&b,Dirty Computer,2018,66
album,Wale,67nwj3Y5sZQLl72VNUHEYE,r&b,MMG FOREVER,2018,73
album,Montell Fish,5nvWOyAkfNgVLKESq4fOj2,r&b,It's Beautiful.,2018,73
album,Prince,5a2EaR3hamoenG9rDuVn8j,r&b,Piano & A Microphone 1983,2018,70
album,Sevdaliza,5MraexJKZDrQYzS98kNwie,r&b,The Calling,2018,69
album,Russ,1z7b1Pr1rSlvWRzsW3HOrS,r&b,ZOO,2018,73
album,Omar Apollo,5FxD8fkQZ6KcsSYupDVoSO,r&b,Stereo,2018,68
album,NIKI,2kxP07DLgs4xlWz8YHlvfh,r&b,Zephyr,2018,77
album,6LACK,4IVAbR2w4JJNJDDRFP3E83,r&b,East Atlanta Love Letter,2018,71
album,Otis Redding,60df5JBRRPcnSpsIMxxwQm,r&b,Dock of the Bay Sessions,2018,68
album,Jorja Smith,1CoZyIx7UvdxT5c8UkMzHd,r&b,Lost & Found,2018,71
album,Summer Walker,57LYzLEk2LcFghVwuWbcuS,r&b,Last Day Of Summer,2018,77
album,Kool & The Gang,3VNITwohbvU5Wuy5PC6dsI,r&b,Collected,2018,67
album,Jeremih,3KV3p5EY4AvKxOlhGHORLg,r&b,MIH-TY,2018,74
album,Leon Thomas,0nnBZ8FXWjG9wZgM2cpfeb,r&b,Genesis,2018,75
album,Mark Knopfler,0FI0kxP0BWurTz8cB8BBug,r&b,Down The Road Wherever (Deluxe),2018,63
album,Mark Knopfler,0FI0kxP0BWurTz8cB8BBug,r&b,Down The Road Wherever,2018,63
album,Hikaru Utada,7lbSsjYACZHn1MSDXPxNF2,r&b,初恋,2018,72
album,Ella Mai,7HkdQ0gt53LP4zmHsL0nap,r&b,Ella Mai,2018,69
album,Toni Braxton,3X458ddYA2YcVWuVIGGOYe,r&b,Sex & Cigarettes,2018,66
album,Trey Songz,2iojnBLj0qIMiKPvVhLnsH,r&b,11,2018,70
album,Trey Songz,2iojnBLj0qIMiKPvVhLnsH,r&b,28,2018,70
album,James Brown,7GaxyUddsPok8BuhxN6OUW,r&b,Say It Live And Loud: Live In Dallas 08.26.68 (Expanded Edition),2018,62
album,Fernandinho,6iAY2AyUZLSX3PWLIAfFZY,r&b,Fernandinho Em Casa (ao Vivo),2018,72
album,Rizky Febian,28DdkLhrzQNizZ0ExQpyku,r&b,Jejak,2018,72
album,Kid Ink,6KZDXtSj0SzGOV705nNeh3,r&b,Missed Calls,2018,67
album,The Temptations,3RwQ26hR2tJtA8F9p2n7jG,r&b,All The Time,2018,65
album,Estelle,5T0MSzX9RC5NA6gAI6irSn,r&b,Lovers Rock,2018,66
album,Mario,20s0P9QLxGqKuCsGwFsp7w,r&b,Dancing Shadows,2018,69
album,KC & The Sunshine Band,3mQBpAOMWYqAZyxtyeo4Lo,r&b,A Sunshine Christmas (Special Edition),2018,65
album,Lloyd,1Xfmvd48oOhEWkscWyEbh9,r&b,TRU - LP,2018,70
album,Ben Harper,45lorWzrKLxfKlWpV7r9CN,r&b,No Mercy In This Land (Deluxe Edition),2018,59
album,The-Dream,1W3FSF1BLpY3hlVIgvenLz,r&b,"Ménage à Trois: Sextape Vol. 1, 2, 3",2018,66
album,Afgan,4cgBCGxtlfap2g6jveB7du,r&b,DEKADE,2018,69
album,Bakar,3K2Srho6NCF3o9MswGR76H,r&b,Badkid,2018,64
album,Status Quo,4gIdjgLlvgEOz7MexDZzpM,r&b,Down Down & Dirty at Wacken,2018,58
album,Status Quo,4gIdjgLlvgEOz7MexDZzpM,r&b,Down Down & Dignified at the Royal Albert Hall,2018,58
album,Jaden,0xOeVMOz2fVg5BJY3N6akT,r&b,The Sunset Tapes: A Cool Tape Story,2018,64
album,Léo Santana,7KVJCU4z5L4EUHILL8aMxR,r&b,Ao Vivo Em Goiânia,2018,68
album,Gabriela Rocha,4fdCGYM7dtJLa3LvR1ccto,r&b,Céu,2018,69
album,Jacquees,4tMm1dU6Gn04VAZ9ClHcIZ,r&b,Lost At Sea 2,2018,67
album,Jacquees,4tMm1dU6Gn04VAZ9ClHcIZ,r&b,4275 (Bonus Version),2018,67
album,Natiruts,4PhdYoQGH8s1xee81dqQOO,r&b,I Love,2018,68
album,Natiruts,4PhdYoQGH8s1xee81dqQOO,r&b,Natibaby,2018,68
album,SAINt JHN,0H39MdGGX6dbnnQPt6NQkZ,r&b,Collection One,2018,65
album,CHIC,0Xf8oDAJYd2D0k3NLI19OV,r&b,It’s About Time,2018,61
album,Aloe Blacc,0id62QV2SZZfvBn9xpmuCl,r&b,Christmas Funk,2018,63
album,Anderson .Paak,3jK9MiCrA42lLAdMGUZpwa,r&b,Ventura (Instrumentals),2019,75
album,Anderson .Paak,3jK9MiCrA42lLAdMGUZpwa,r&b,Ventura,2019,75
album,Kehlani,0cGUm45nv7Z6M6qdXYQGTX,r&b,While We Wait,2019,79
album,Marvin Gaye,3koiLjNrgRTNbOwViDipeA,r&b,What's Going On (Live),2019,73
album,Marvin Gaye,3koiLjNrgRTNbOwViDipeA,r&b,My Funny Valentine,2019,73
album,Marvin Gaye,3koiLjNrgRTNbOwViDipeA,r&b,You're The Man (Expanded Edition),2019,73
album,Tinashe,0NIIxcxNHmOoyBx03SfTCD,r&b,Songs For You,2019,77
album,Steve Lacy,57vWImR43h4CaDao012Ofp,r&b,Apollo XXI,2019,78
album,Daniel Caesar,20wkVLutqVOYrc0kxFs7rA,r&b,CASE STUDY 01,2019,85
album,Tory Lanez,2jku7tDXc6XoB6MO2hFuqg,r&b,Chixtape 5,2019,80
album,Doechii,4E2rKHVDssGJm2SCDOMMJB,r&b,"Coven Music Session, Vol. 1",2019,76
album,Chase Atlantic,7cYEt1pqMgXJdq00hAwVpT,r&b,PHASES,2019,80
album,Khalid,6LuN9FCkKOj5PcnpouEgny,r&b,Free Spirit,2019,82
album,"Earth, Wind & Fire",4QQgXkCYTt3BlENzhyNETg,r&b,"Earth, Wind & Fire Millennium Concert Japan '94",2019,74
album,Chris Brown,7bXgB6jMjp9ATFy66eO08Z,r&b,Indigo (Extended),2019,88
album,Chris Brown,7bXgB6jMjp9ATFy66eO08Z,r&b,Indigo,2019,88
album,T-Pain,3aQeKQSyrW4qWr35idm0cy,r&b,1UP,2019,79
album,Ne-Yo,21E3waRsmPlU7jZsS13rcj,r&b,Another Kind Of Christmas,2019,81
album,Beyoncé,6vWDO969PvNqNYHIOW5v0m,r&b,The Lion King: The Gift,2019,84
album,Beyoncé,6vWDO969PvNqNYHIOW5v0m,r&b,HOMECOMING: THE LIVE ALBUM,2019,84
album,Lola Young,67FB4n52MgexGQIG8s0yUH,r&b,Intro,2019,78
album,Blood Orange,6LEeAFiJF8OuPx747e1wxR,r&b,Angel's Pulse,2019,72
album,KAYTRANADA,6qgnBH6iDM91ipVXv28OMu,r&b,BUBBA,2019,72
album,Ashanti,5rkVyNGXEgeUqKkB5ccK83,r&b,Come 2 Me,2019,71
album,Sam Cooke,6hnWRPzGGKiapVX1UCdEAC,r&b,"Sam Cooke Soul, Vol. 1",2019,66
album,Mariah the Scientist,7HO5fOXE4gh3lzZn64tX2E,r&b,MASTER,2019,74
album,Wale,67nwj3Y5sZQLl72VNUHEYE,r&b,Wow... That's Crazy,2019,73
album,Montell Fish,5nvWOyAkfNgVLKESq4fOj2,r&b,Bedroom Lofi,2019,73
album,Montell Fish,5nvWOyAkfNgVLKESq4fOj2,r&b,Nights & Days.,2019,73
album,Prince,5a2EaR3hamoenG9rDuVn8j,r&b,1999 (Super Deluxe Edition),2019,70
album,Prince,5a2EaR3hamoenG9rDuVn8j,r&b,The VERSACE Experience (PRELUDE 2 GOLD),2019,70
album,Prince,5a2EaR3hamoenG9rDuVn8j,r&b,Originals,2019,70
album,Little Simz,6eXZu6O7nAUA5z6vLV8NKI,r&b,GREY Area,2019,65
album,Omar Apollo,5FxD8fkQZ6KcsSYupDVoSO,r&b,Friends,2019,68
album,Otis Redding,60df5JBRRPcnSpsIMxxwQm,r&b,Live at the Monterey International Pop Festival,2019,68
album,Gesaffelstein,3hteYQFiMFbJY7wS0xDymP,r&b,Hyperion,2019,70
album,Destiny's Child,1Y8cdNmUJH7yBTd9yOvr5i,r&b,Destiny's Child: The Untold Story Presents Girls Tyme,2019,70
album,Aleesha,18qC8mrcJ9ZjChRDPvpadi,r&b,19:19,2019,45
album,The Black Keys,7mnBLXK823vNxN3UWB7Gfz,r&b,"""Let's Rock""",2019,69
album,Summer Walker,57LYzLEk2LcFghVwuWbcuS,r&b,Over It,2019,77
album,ZZ Top,2AM4ilv6UzW0uMRuqKtDgN,r&b,Goin' 50 (Deluxe Edition),2019,69
album,ZZ Top,2AM4ilv6UzW0uMRuqKtDgN,r&b,Goin' 50,2019,69
album,Mary J. Blige,1XkoF8ryArs86LZvFOkbyr,r&b,HERstory Vol. 1,2019,71
album,Aretha Franklin,7nwUJBm0HE4ZxD3f5cy5ok,r&b,Aretha Franklin,2019,68
album,H.E.R.,3Y7RZ31TRPVadSFVy1o8os,r&b,I Used To Know Her,2019,74
album,Joe Cocker,3pFCERyEiP5xeN2EsPXhjI,r&b,The 1968 Sessions (Live 1968),2019,63
album,Lionel Richie,3gMaNLQm7D9MornNILzdSl,r&b,Hello From Las Vegas (Deluxe),2019,70
album,FKA twigs,6nB0iY1cjSY1KyhYyuIIKH,r&b,MAGDALENE,2019,64
album,Dutch Melrose,6NRSfOnXw4qaypEfIV2QXn,r&b,After Hours,2019,65
album,James Brown,7GaxyUddsPok8BuhxN6OUW,r&b,Live At Home With His Bad Self (2019 Mix),2019,62
album,The Temptations,3RwQ26hR2tJtA8F9p2n7jG,r&b,Dream Come True (Remastered),2019,65
album,Ciara,2NdeV5rLm47xAvogXrYhJX,r&b,Beauty Marks,2019,70
album,CKay,048LktY5zMnakWq7PTtFrz,r&b,CKay The First,2019,67
album,The Righteous Brothers,4b0WsB47XCa9F83BmwQ7WX,r&b,All Time Greats,2019,61
album,PnB Rock,21WS9wngs9AqFckK7yYJPM,r&b,TrapStar Turnt PopStar (Deluxe Edition),2019,66
album,PnB Rock,21WS9wngs9AqFckK7yYJPM,r&b,TrapStar Turnt PopStar,2019,66
album,Status Quo,4gIdjgLlvgEOz7MexDZzpM,r&b,Backbone,2019,58
album,J.J. Cale,06nsZ3qSOYZ2hPVIMcr1IN,r&b,Stay Around,2019,60
album,Jaden,0xOeVMOz2fVg5BJY3N6akT,r&b,ERYS (Deluxe),2019,64
album,Léo Santana,7KVJCU4z5L4EUHILL8aMxR,r&b,Macaco Sessions: Léo Santana (Ao Vivo),2019,68
album,Léo Santana,7KVJCU4z5L4EUHILL8aMxR,r&b,Levada Do Gigante (Ao Vivo / Pt. 1),2019,68
album,Jacquees,4tMm1dU6Gn04VAZ9ClHcIZ,r&b,Christmas In Decatur,2019,67
album,Jacquees,4tMm1dU6Gn04VAZ9ClHcIZ,r&b,King of R&B,2019,67
album,Zacari,3qBKjEOanahMxlRojwCzhI,r&b,Run Wild Run Free,2019,65
album,Kaash Paige,0f2YkMXwFNJNSX7MymevKE,r&b,Parked Car Convos,2019,65
album,SAINt JHN,0H39MdGGX6dbnnQPt6NQkZ,r&b,Ghetto Lenny's Love Songs,2019,65
album,Maverick Sabre,0ukgrNYk51TkMQr0f2Br4Q,r&b,When I Wake Up,2019,63
album,Ivete Sangalo,7dzq55YG3wjViqexDwiycQ,r&b,Ivete Sangalo Live Experience (Ao Vivo Em São Paulo / 2018),2019,64
album,Aloe Blacc,0id62QV2SZZfvBn9xpmuCl,r&b,Christmas Funk (2019),2019,63
album,Kehlani,0cGUm45nv7Z6M6qdXYQGTX,r&b,It Was Good Until It Wasn't,2020,79
album,GIVĒON,4fxd5Ee7UefO4CUXgwJ7IP,r&b,TAKE TIME,2020,78
album,Tinashe,0NIIxcxNHmOoyBx03SfTCD,r&b,Comfort & Joy,2020,77
album,Brent Faiyaz,3tlXnStJ1fFhdScmQeLpuG,r&b,Fuck The World - ChopNotSlop,2020,80
album,Brent Faiyaz,3tlXnStJ1fFhdScmQeLpuG,r&b,Fuck The World,2020,80
album,Tems,687cZJR45JO7jhk1LHIbgq,r&b,For Broken Ears,2020,77
album,The Weeknd,1Xyo4u8uXC1ZmMpatF05PJ,r&b,After Hours (Deluxe),2020,94
album,The Weeknd,1Xyo4u8uXC1ZmMpatF05PJ,r&b,After Hours,2020,94
album,Steve Lacy,57vWImR43h4CaDao012Ofp,r&b,The Lo-Fis,2020,78
album,Bryson Tiller,2EMAnMvWE2eb56ToJVfCWs,r&b,A N N I V E R S A R Y,2020,80
album,Bryson Tiller,2EMAnMvWE2eb56ToJVfCWs,r&b,T R A P S O U L (Deluxe),2020,80
album,Eric Clapton,6PAt558ZEZl0DmdXlnjMgD,r&b,Riding With The King (20th Anniversary Deluxe Edition),2020,71
album,Eric Clapton,6PAt558ZEZl0DmdXlnjMgD,r&b,Live in Denmark 1969,2020,71
album,PARTYNEXTDOOR,2HPaUgqeutzr3jx5a9WyDV,r&b,PARTYPACK,2020,83
album,PARTYNEXTDOOR,2HPaUgqeutzr3jx5a9WyDV,r&b,PARTYMOBILE (Chopped Not Slopped),2020,83
album,PARTYNEXTDOOR,2HPaUgqeutzr3jx5a9WyDV,r&b,PARTYMOBILE,2020,83
album,Tory Lanez,2jku7tDXc6XoB6MO2hFuqg,r&b,Loner,2020,80
album,Tory Lanez,2jku7tDXc6XoB6MO2hFuqg,r&b,DAYSTAR,2020,80
album,Tory Lanez,2jku7tDXc6XoB6MO2hFuqg,r&b,The New Toronto 3,2020,80
album,Doechii,4E2rKHVDssGJm2SCDOMMJB,r&b,Oh The Places You’ll Go,2020,76
album,Chris Brown,7bXgB6jMjp9ATFy66eO08Z,r&b,Slime & B,2020,88
album,Jason Derulo,07YZf4WDAMNwqr4jfgOZ8y,r&b,Jason Derulo (10th Anniversary Deluxe),2020,77
album,T-Pain,3aQeKQSyrW4qWr35idm0cy,r&b,The Lost Remixes,2020,79
album,Alvaro Diaz,5J7rXWjtn5HzUkJ4Jet8Fr,r&b,Diaz Antes,2020,74
album,Alicia Keys,3DiDSECUqqY1AuBP8qtaIa,r&b,ALICIA,2020,79
album,Akon,0z4gvV4rjIZ9wHck67ucSV,r&b,Ain’t No Peace,2020,82
album,Beyoncé,6vWDO969PvNqNYHIOW5v0m,r&b,The Lion King: The Gift [Deluxe Edition],2020,84
album,Kali Uchis,1U1el3k54VvEUzo3ybLPlM,r&b,Sin Miedo (del Amor y Otros Demonios) ∞ [Deluxe Version],2020,83
album,Kali Uchis,1U1el3k54VvEUzo3ybLPlM,r&b,Sin Miedo (del Amor y Otros Demonios) ∞,2020,83
album,Ty Dolla $ign,7c0XG5cIJTrrAgEC3ULPiq,r&b,Featuring Ty Dolla $ign,2020,81
album,Masego,3ycxRkcZ67ALN3GQJ57Vig,r&b,Studying Abroad: Extended Stay,2020,69
album,070 Shake,12Zk1DFhCbHY6v3xep2ZjI,r&b,Modus Vivendi (Instrumental Selections),2020,69
album,070 Shake,12Zk1DFhCbHY6v3xep2ZjI,r&b,Modus Vivendi,2020,69
album,KAYTRANADA,6qgnBH6iDM91ipVXv28OMu,r&b,BUBBA (Instrumental Version),2020,72
album,Prince,5a2EaR3hamoenG9rDuVn8j,r&b,Sign O' The Times (Super Deluxe),2020,70
album,Sevdaliza,5MraexJKZDrQYzS98kNwie,r&b,Shabrang,2020,69
album,Jhené Aiko,5ZS223C6JyBfXasXxrRqOk,r&b,Chilombo (Deluxe),2020,76
album,Russ,1z7b1Pr1rSlvWRzsW3HOrS,r&b,SHAKE THE SNOW GLOBE (DELUXE),2020,73
album,Russ,1z7b1Pr1rSlvWRzsW3HOrS,r&b,SHAKE THE SNOW GLOBE,2020,73
album,Omar Apollo,5FxD8fkQZ6KcsSYupDVoSO,r&b,Apolonio,2020,68
album,NIKI,2kxP07DLgs4xlWz8YHlvfh,r&b,MOONCHILD,2020,77
album,6LACK,4IVAbR2w4JJNJDDRFP3E83,r&b,Home For The Holidays,2020,71
album,Kelly Rowland,3AuMNF8rQAKOzjYppFNAoB,r&b,Bad Hair (Original Motion Picture Soundtrack),2020,69
album,The Black Keys,7mnBLXK823vNxN3UWB7Gfz,r&b,Brothers (Deluxe Remastered Anniversary Edition),2020,69
album,Summer Walker,57LYzLEk2LcFghVwuWbcuS,r&b,Over It (Complete Set),2020,77
album,Summer Walker,57LYzLEk2LcFghVwuWbcuS,r&b,Home For The Holidays,2020,77
album,Kool & The Gang,3VNITwohbvU5Wuy5PC6dsI,r&b,Live,2020,67
album,Mary J. Blige,1XkoF8ryArs86LZvFOkbyr,r&b,My Life (Deluxe / Commentary Edition),2020,71
album,Jeremih,3KV3p5EY4AvKxOlhGHORLg,r&b,Merry Christmas Lil Mama: The Gift That Keeps On Giving,2020,74
album,Brandy,05oH07COxkXKIMt6mIPRee,r&b,b7,2020,67
album,Toni Braxton,3X458ddYA2YcVWuVIGGOYe,r&b,Spell My Name,2020,66
album,112,7urq0VfqxEYEEiZUkebXT4,r&b,Forever,2020,65
album,Trey Songz,2iojnBLj0qIMiKPvVhLnsH,r&b,Back Home,2020,70
album,Trey Songz,2iojnBLj0qIMiKPvVhLnsH,r&b,Anticipation II,2020,70
album,Trey Songz,2iojnBLj0qIMiKPvVhLnsH,r&b,Anticipation I,2020,70
album,Fernandinho,6iAY2AyUZLSX3PWLIAfFZY,r&b,Galileu (Acústico),2020,72
album,Fernandinho,6iAY2AyUZLSX3PWLIAfFZY,r&b,Santo (ao Vivo),2020,72
album,Fernandinho,6iAY2AyUZLSX3PWLIAfFZY,r&b,Santo (ao Vivo) [Playback],2020,72
album,Juicy Luicy,3tMTXQyRrPmMyHv5SoC0TV,r&b,Sentimental,2020,73
album,Ben Harper,45lorWzrKLxfKlWpV7r9CN,r&b,Winter Is For Lovers,2020,59
album,The-Dream,1W3FSF1BLpY3hlVIgvenLz,r&b,SXTP4,2020,66
album,Gary Moore,23wr9RJZg0PmYvVFyNkQ4j,r&b,Live From London,2020,59
album,J.J. Cale,06nsZ3qSOYZ2hPVIMcr1IN,r&b,Drifters Life; The Broadcast Diary (LIVE),2020,60
album,Jaden,0xOeVMOz2fVg5BJY3N6akT,r&b,CTV3: Cool Tape Vol. 3,2020,64
album,Léo Santana,7KVJCU4z5L4EUHILL8aMxR,r&b,Al Mare (Léo Santana Ao Vivo / 2020),2020,68
album,Léo Santana,7KVJCU4z5L4EUHILL8aMxR,r&b,Levada Do Gigante (Ao Vivo),2020,68
album,Léo Santana,7KVJCU4z5L4EUHILL8aMxR,r&b,Levada Do Gigante (Ao Vivo / Pt. 2),2020,68
album,Gabriela Rocha,4fdCGYM7dtJLa3LvR1ccto,r&b,Juntos Em Adoração (Live 2020),2020,69
album,Gabriela Rocha,4fdCGYM7dtJLa3LvR1ccto,r&b,Hosana (Ao Vivo),2020,69
album,Cleo Sol,3ETLPQkcEd7z4k3IbZmXMq,r&b,Rose in the Dark,2020,65
album,Blxst,4qXC0i02bSFstECuXP2ZpL,r&b,No Love Lost (Deluxe),2020,65
album,Blxst,4qXC0i02bSFstECuXP2ZpL,r&b,No Love Lost,2020,65
album,Kaash Paige,0f2YkMXwFNJNSX7MymevKE,r&b,Teenage Fever,2020,65
album,SAINt JHN,0H39MdGGX6dbnnQPt6NQkZ,r&b,While The World Was Burning,2020,65
album,Jay Sean,4pADjHPWyrlAF0FA7joK2H,r&b,M3,2020,66
album,Amaarae,21UPYSRWFKwtqvSAnFnSvS,r&b,THE ANGEL YOU DON'T KNOW,2020,64
album,Bootsy Collins,5K0rbdBrs2tNXe5LeWMATT,r&b,The Power of the One,2020,65
album,Ivete Sangalo,7dzq55YG3wjViqexDwiycQ,r&b,Arraiá Da Veveta,2020,64
album,Anderson .Paak,3jK9MiCrA42lLAdMGUZpwa,r&b,An Evening With Silk Sonic,2021,75
album,GIVĒON,4fxd5Ee7UefO4CUXgwJ7IP,r&b,When It's All Said And Done... Take Time,2021,78
album,Bill Withers,1ThoqLcyIYvZn7iWbj8fsj,r&b,Stay For Happiness (Live '71),2021,72
album,Marvin Gaye,3koiLjNrgRTNbOwViDipeA,r&b,What’s Going On: The Detroit Mix,2021,73
album,Marvin Gaye,3koiLjNrgRTNbOwViDipeA,r&b,What's Going On (Deluxe Edition / 50th Anniversary),2021,73
album,Marvin Gaye,3koiLjNrgRTNbOwViDipeA,r&b,Funky Nation: The Detroit Instrumentals,2021,73
album,Tinashe,0NIIxcxNHmOoyBx03SfTCD,r&b,333,2021,77
album,Micro TDH,1aWJsBQa67l72j1VT3D6Ow,r&b,NUEVE,2021,68
album,Bryson Tiller,2EMAnMvWE2eb56ToJVfCWs,r&b,A Different Christmas,2021,80
album,Bryson Tiller,2EMAnMvWE2eb56ToJVfCWs,r&b,A N N I V E R S A R Y (Deluxe),2021,80
album,Eric Clapton,6PAt558ZEZl0DmdXlnjMgD,r&b,The Lady In The Balcony: Lockdown Sessions (Live),2021,71
album,Eric Clapton,6PAt558ZEZl0DmdXlnjMgD,r&b,Eric Clapton (Anniversary Deluxe Edition),2021,71
album,Tory Lanez,2jku7tDXc6XoB6MO2hFuqg,r&b,Alone At Prom,2021,80
album,Tory Lanez,2jku7tDXc6XoB6MO2hFuqg,r&b,PLAYBOY Live,2021,80
album,Tory Lanez,2jku7tDXc6XoB6MO2hFuqg,r&b,PLAYBOY,2021,80
album,Chase Atlantic,7cYEt1pqMgXJdq00hAwVpT,r&b,BEAUTY IN DEATH,2021,80
album,Khalid,6LuN9FCkKOj5PcnpouEgny,r&b,Scenic Drive (The Tape),2021,82
album,Alvaro Diaz,5J7rXWjtn5HzUkJ4Jet8Fr,r&b,Felicilandia,2021,74
album,SZA,7tYKF4w9nC0nq9CsPZTHyP,r&b,Dear Evan Hansen (Original Motion Picture Soundtrack),2021,88
album,Ne-Yo,21E3waRsmPlU7jZsS13rcj,r&b,In My Own Words (Deluxe 15th Anniversary Edition),2021,81
album,Alicia Keys,3DiDSECUqqY1AuBP8qtaIa,r&b,KEYS,2021,79
album,Alicia Keys,3DiDSECUqqY1AuBP8qtaIa,r&b,ALICIA: The Selects,2021,79
album,Ty Dolla $ign,7c0XG5cIJTrrAgEC3ULPiq,r&b,Cheers to the Best Memories,2021,81
album,AUDREY NUNA,0Wwji82sLA0Hcvtuak3omb,r&b,a liquid breakfast,2021,87
album,Charlie Brown Jr.,1on7ZQ2pvgeQF4vmIA09x5,r&b,Chegou Quem Faltava - Versão do Chorão (Ao Vivo),2021,74
album,Charlie Brown Jr.,1on7ZQ2pvgeQF4vmIA09x5,r&b,Chegou Quem Faltava - Versão Completa (Ao Vivo),2021,74
album,Charlie Brown Jr.,1on7ZQ2pvgeQF4vmIA09x5,r&b,Chegou Quem Faltava - Volume 2 (Ao Vivo),2021,74
album,Charlie Brown Jr.,1on7ZQ2pvgeQF4vmIA09x5,r&b,Chegou Quem Faltava - Volume 1 (Ao Vivo),2021,74
album,Mariah the Scientist,7HO5fOXE4gh3lzZn64tX2E,r&b,RY RY WORLD,2021,74
album,Wale,67nwj3Y5sZQLl72VNUHEYE,r&b,Folarin II,2021,73
album,Yebba,1ooV8YZC1KbpEcrmI8WH0F,r&b,Dawn,2021,71
album,Prince,5a2EaR3hamoenG9rDuVn8j,r&b,Welcome 2 America,2021,70
album,Jhené Aiko,5ZS223C6JyBfXasXxrRqOk,r&b,Sailing Soul(s),2021,76
album,Russ,1z7b1Pr1rSlvWRzsW3HOrS,r&b,CHOMP 2,2021,73
album,Little Simz,6eXZu6O7nAUA5z6vLV8NKI,r&b,Sometimes I Might Be Introvert,2021,65
album,paopao,5AS4y4rlmbUYDCdg35qmI9,r&b,paopao (sped up),2021,56
album,HUMBE,1b7AEdUSudOQoZF5ebUxCL,r&b,AURORA,2021,72
album,HUMBE,1b7AEdUSudOQoZF5ebUxCL,r&b,ENTROPÍA Live Sessions,2021,72
album,HUMBE,1b7AEdUSudOQoZF5ebUxCL,r&b,ENTROPÍA,2021,72
album,The Black Keys,7mnBLXK823vNxN3UWB7Gfz,r&b,Delta Kream,2021,69
album,Summer Walker,57LYzLEk2LcFghVwuWbcuS,r&b,Still Over It,2021,77
album,Kool & The Gang,3VNITwohbvU5Wuy5PC6dsI,r&b,Perfect Union,2021,67
album,Aretha Franklin,7nwUJBm0HE4ZxD3f5cy5ok,r&b,That Lucky Old Sun,2021,68
album,Aretha Franklin,7nwUJBm0HE4ZxD3f5cy5ok,r&b,ARETHA,2021,68
album,Aretha Franklin,7nwUJBm0HE4ZxD3f5cy5ok,r&b,The Gospel Recordings,2021,68
album,Aretha Franklin,7nwUJBm0HE4ZxD3f5cy5ok,r&b,The Genius of Aretha Franklin,2021,68
album,Aretha Franklin,7nwUJBm0HE4ZxD3f5cy5ok,r&b,The Glory of Aretha: 1980-2014,2021,68
album,Aretha Franklin,7nwUJBm0HE4ZxD3f5cy5ok,r&b,The Genesis of Aretha: 1960-1966,2021,68
album,H.E.R.,3Y7RZ31TRPVadSFVy1o8os,r&b,Back of My Mind,2021,74
album,Lionel Richie,3gMaNLQm7D9MornNILzdSl,r&b,Renaissance (Deluxe Edition),2021,70
album,Lionel Richie,3gMaNLQm7D9MornNILzdSl,r&b,Time (Deluxe Version),2021,70
album,Lionel Richie,3gMaNLQm7D9MornNILzdSl,r&b,Just For You (Deluxe Edition),2021,70
album,Lionel Richie,3gMaNLQm7D9MornNILzdSl,r&b,Louder Than Words (Deluxe Edition),2021,70
album,Dijon,0knGpCTbmG4ctl1wzYRZs4,r&b,Absolutely,2021,67
album,Celeste,49HlOY4gkHqsYG9GCuhkcc,r&b,Not Your Muse (Deluxe),2021,64
album,Fernandinho,6iAY2AyUZLSX3PWLIAfFZY,r&b,Santo (Acústico),2021,72
album,Fernandinho,6iAY2AyUZLSX3PWLIAfFZY,r&b,"Série Acústica Com Fernandinho, Vol. 3 (Acústico)",2021,72
album,Fernandinho,6iAY2AyUZLSX3PWLIAfFZY,r&b,"Série Acústica Com Fernandinho, Vol. 2 (Acústico)",2021,72
album,Fernandinho,6iAY2AyUZLSX3PWLIAfFZY,r&b,"Série Acústica Com Fernandinho, Vol. 1 (Acústico)",2021,72
album,Fernandinho,6iAY2AyUZLSX3PWLIAfFZY,r&b,Santo (Edição Especial) [Ao Vivo],2021,72
album,Kid Ink,6KZDXtSj0SzGOV705nNeh3,r&b,ALIVE,2021,67
album,The Temptations,3RwQ26hR2tJtA8F9p2n7jG,r&b,Emperors Of Soul: The Rarities,2021,65
album,COLORS,3FvwVFWRyvxmLyVBO9nBmM,r&b,Dark Crystals / Soft Crowns - COLORS INDIGO,2021,65
album,Diana Ross,3MdG05syQeRYPPcClLaUGl,r&b,Thank You,2021,65
album,Rockwell,3xs0LEzcPXtgNfMNcHzLIP,r&b,Somebody’s Watching Me (Deluxe Edition),2021,66
album,CKay,048LktY5zMnakWq7PTtFrz,r&b,Boyfriend,2021,67
album,Afgan,4cgBCGxtlfap2g6jveB7du,r&b,Wallflower,2021,69
album,Gary Moore,23wr9RJZg0PmYvVFyNkQ4j,r&b,How Blue Can You Get,2021,59
album,J.J. Cale,06nsZ3qSOYZ2hPVIMcr1IN,r&b,Moon Smoke (Live 1983),2021,60
album,J.J. Cale,06nsZ3qSOYZ2hPVIMcr1IN,r&b,Blowin' Down The Road (Live 1993),2021,60
album,Jaden,0xOeVMOz2fVg5BJY3N6akT,r&b,CTV3: Day Tripper's Edition,2021,64
album,Léo Santana,7KVJCU4z5L4EUHILL8aMxR,r&b,LetsGo,2021,68
album,Cleo Sol,3ETLPQkcEd7z4k3IbZmXMq,r&b,Mother,2021,65
album,Muni Long,7tjVFCxJdwT4NdrTmjyjQ6,r&b,Nobody Knows,2021,66
album,Natiruts,4PhdYoQGH8s1xee81dqQOO,r&b,Good Vibration - Vol. 1,2021,68
album,Blxst,4qXC0i02bSFstECuXP2ZpL,r&b,Sixtape 2,2021,65
album,Majid Jordan,4HzKw8XcD0piJmDrrPRCYk,r&b,Wildest Dreams,2021,66
album,Amarion,7Bb4i0RT3zaudzb8KvxTUQ,r&b,Mood,2021,51
album,Flavio Rodriguez,0CqjTpL2gwBuLAxCoubs53,r&b,París Texas,2021,37
album,Aloe Blacc,0id62QV2SZZfvBn9xpmuCl,r&b,All Love Everything (Deluxe),2021,63
album,Kehlani,0cGUm45nv7Z6M6qdXYQGTX,r&b,blue water road,2022,79
album,GIVĒON,4fxd5Ee7UefO4CUXgwJ7IP,r&b,Give Or Take,2022,78
album,Marvin Gaye,3koiLjNrgRTNbOwViDipeA,r&b,Live,2022,73
album,Tinashe,0NIIxcxNHmOoyBx03SfTCD,r&b,333 (Deluxe),2022,77
album,Brent Faiyaz,3tlXnStJ1fFhdScmQeLpuG,r&b,WASTELAND,2022,80
album,The Weeknd,1Xyo4u8uXC1ZmMpatF05PJ,r&b,Dawn FM (Alternate World),2022,94
album,The Weeknd,1Xyo4u8uXC1ZmMpatF05PJ,r&b,Dawn FM,2022,94
album,Steve Lacy,57vWImR43h4CaDao012Ofp,r&b,Gemini Rights,2022,78
album,Micro TDH,1aWJsBQa67l72j1VT3D6Ow,r&b,"The Classics, Vol. 1",2022,68
album,Stevie Wonder,7guDJrEfX3qb6FEbdPA5qi,r&b,Love & Affection (Live 1975),2022,75
album,Ravyn Lenae,5RTLRtXjbXI2lSXc6jxlAz,r&b,HYPNOS,2022,76
album,Eric Clapton,6PAt558ZEZl0DmdXlnjMgD,r&b,Nothing But the Blues (Live),2022,71
album,Tory Lanez,2jku7tDXc6XoB6MO2hFuqg,r&b,Sorry 4 What,2022,80
album,Chase Atlantic,7cYEt1pqMgXJdq00hAwVpT,r&b,BEAUTY IN DEATH (DELUXE EDITION),2022,80
album,Michael Jackson,3fMbdgg4jU18AjLCKBhRSm,r&b,Thriller 40,2022,85
album,"Earth, Wind & Fire",4QQgXkCYTt3BlENzhyNETg,r&b,Bring Yourself True (Live 1974),2022,74
album,Chris Brown,7bXgB6jMjp9ATFy66eO08Z,r&b,BREEZY - It's Giving Christmas,2022,88
album,Chris Brown,7bXgB6jMjp9ATFy66eO08Z,r&b,Breezy (Deluxe),2022,88
album,Chris Brown,7bXgB6jMjp9ATFy66eO08Z,r&b,Breezy,2022,88
album,USHER,23zg3TcAtWQy7J6upgbUnj,r&b,My Way (25th Anniversary Edition),2022,81
album,RaiNao,42LEQxfXLEuzdqorKBbUVN,r&b,ahora A.K.A NAO,2022,66
album,SZA,7tYKF4w9nC0nq9CsPZTHyP,r&b,SOS,2022,88
album,SZA,7tYKF4w9nC0nq9CsPZTHyP,r&b,Ctrl (Deluxe),2022,88
album,Ne-Yo,21E3waRsmPlU7jZsS13rcj,r&b,Another Kind Of Christmas (Deluxe Edition),2022,81
album,Ne-Yo,21E3waRsmPlU7jZsS13rcj,r&b,Self Explanatory,2022,81
album,Alicia Keys,3DiDSECUqqY1AuBP8qtaIa,r&b,Santa Baby,2022,79
album,Alicia Keys,3DiDSECUqqY1AuBP8qtaIa,r&b,KEYS II,2022,79
album,Akon,0z4gvV4rjIZ9wHck67ucSV,r&b,Konvicted (Complete Edition),2022,82
album,Beyoncé,6vWDO969PvNqNYHIOW5v0m,r&b,RENAISSANCE,2022,84
album,AUDREY NUNA,0Wwji82sLA0Hcvtuak3omb,r&b,a liquid breakfast DELUXE,2022,87
album,070 Shake,12Zk1DFhCbHY6v3xep2ZjI,r&b,You Can’t Kill Me,2022,69
album,Wale,67nwj3Y5sZQLl72VNUHEYE,r&b,More About Nothing,2022,73
album,Montell Fish,5nvWOyAkfNgVLKESq4fOj2,r&b,Her Love Still Haunts Me Like a Ghost,2022,73
album,Montell Fish,5nvWOyAkfNgVLKESq4fOj2,r&b,JAMIE,2022,73
album,Prince,5a2EaR3hamoenG9rDuVn8j,r&b,Prince and The Revolution: Live (2022 Remaster),2022,70
album,Jhené Aiko,5ZS223C6JyBfXasXxrRqOk,r&b,Sleep Soul Relaxing R&B Baby Sleep Music (Vol. 2 / Presented by Jhené Aiko),2022,76
album,Little Simz,6eXZu6O7nAUA5z6vLV8NKI,r&b,NO THANK YOU,2022,65
album,Omar Apollo,5FxD8fkQZ6KcsSYupDVoSO,r&b,Ivory (Marfil),2022,68
album,Omar Apollo,5FxD8fkQZ6KcsSYupDVoSO,r&b,Ivory,2022,68
album,NIKI,2kxP07DLgs4xlWz8YHlvfh,r&b,Nicole,2022,77
album,paopao,5AS4y4rlmbUYDCdg35qmI9,r&b,diamantes y espinas,2022,56
album,paopao,5AS4y4rlmbUYDCdg35qmI9,r&b,hembrismo,2022,56
album,6LACK,4IVAbR2w4JJNJDDRFP3E83,r&b,Home For The Holidays Vol. 2,2022,71
album,Otis Redding,60df5JBRRPcnSpsIMxxwQm,r&b,One Way Ticket (Live 1967),2022,68
album,Aleesha,18qC8mrcJ9ZjChRDPvpadi,r&b,La Patrona,2022,45
album,The Black Keys,7mnBLXK823vNxN3UWB7Gfz,r&b,Dropout Boogie,2022,69
album,Summer Walker,57LYzLEk2LcFghVwuWbcuS,r&b,Home For The Holidays Vol. 2,2022,77
album,Summer Walker,57LYzLEk2LcFghVwuWbcuS,r&b,Last Day Of Summer (Sped Up),2022,77
album,ZZ Top,2AM4ilv6UzW0uMRuqKtDgN,r&b,RAW (‘That Little Ol' Band From Texas’ Original Soundtrack),2022,69
album,Mary J. Blige,1XkoF8ryArs86LZvFOkbyr,r&b,Good Morning Gorgeous (Deluxe),2022,71
album,Mary J. Blige,1XkoF8ryArs86LZvFOkbyr,r&b,Good Morning Gorgeous,2022,71
album,Aretha Franklin,7nwUJBm0HE4ZxD3f5cy5ok,r&b,Taking Care Of Business (Live 1971),2022,68
album,Jeremih,3KV3p5EY4AvKxOlhGHORLg,r&b,Late Nights With Jeremih,2022,74
album,Nsqk,1jtvmXiemNFkPO11NMdjfu,r&b,ROY,2022,70
album,Mark Knopfler,0FI0kxP0BWurTz8cB8BBug,r&b,The Studio Albums 2009 – 2018,2022,63
album,Mark Knopfler,0FI0kxP0BWurTz8cB8BBug,r&b,The Studio Albums 1996-2007,2022,63
album,Hikaru Utada,7lbSsjYACZHn1MSDXPxNF2,r&b,Hikaru Utada Live Sessions from Air Studios,2022,72
album,Hikaru Utada,7lbSsjYACZHn1MSDXPxNF2,r&b,BADモード,2022,72
album,FKA twigs,6nB0iY1cjSY1KyhYyuIIKH,r&b,CAPRISONGS,2022,64
album,Ella Mai,7HkdQ0gt53LP4zmHsL0nap,r&b,Heart On My Sleeve,2022,69
album,Dutch Melrose,6NRSfOnXw4qaypEfIV2QXn,r&b,"Dutch Melrose (Sped Up Versions), Pt. 1",2022,65
album,Tommy Richman,1WaFQSHVGZQJTbf0BdxdNo,r&b,ALLIGATOR,2022,69
album,James Brown,7GaxyUddsPok8BuhxN6OUW,r&b,Super Bad Live!,2022,62
album,James Brown,7GaxyUddsPok8BuhxN6OUW,r&b,Fever Keeps Growin' (Live 1977),2022,62
album,James Brown,7GaxyUddsPok8BuhxN6OUW,r&b,Black & Loud: James Brown Reimagined By Stro Elliot,2022,62
album,Fernandinho,6iAY2AyUZLSX3PWLIAfFZY,r&b,Una Nueva Historia (Espanhol),2022,72
album,Fernandinho,6iAY2AyUZLSX3PWLIAfFZY,r&b,VERSÕES VOL. 1: Fernandinho e Paula Santos (Acústico),2022,72
album,The Jackson 5,2iE18Oxc8YSumAU232n4rW,r&b,Remember One Day (Live 1975),2022,65
album,Janet Jackson,4qwGe91Bz9K2T8jXTZ815W,r&b,The Velvet Rope (Deluxe Edition),2022,66
album,Kid Ink,6KZDXtSj0SzGOV705nNeh3,r&b,ALIVE (Deluxe),2022,67
album,The Temptations,3RwQ26hR2tJtA8F9p2n7jG,r&b,Temptations 60,2022,65
album,CKay,048LktY5zMnakWq7PTtFrz,r&b,Sad Romance,2022,67
album,Ben Harper,45lorWzrKLxfKlWpV7r9CN,r&b,Bloodline Maintenance,2022,59
album,Amber Mark,0tbeZu9lv8YEKSQ9tZSslu,r&b,Three Dimensions Deep,2022,64
album,PnB Rock,21WS9wngs9AqFckK7yYJPM,r&b,SoundCloud Daze,2022,66
album,Bakar,3K2Srho6NCF3o9MswGR76H,r&b,Nobody's Home,2022,64
album,Gary Moore,23wr9RJZg0PmYvVFyNkQ4j,r&b,Welcome Back My Friends,2022,59
album,Status Quo,4gIdjgLlvgEOz7MexDZzpM,r&b,Heavy Traffic (Deluxe Edition),2022,58
album,Léo Santana,7KVJCU4z5L4EUHILL8aMxR,r&b,GG Astral (Ao Vivo),2022,68
album,Jacquees,4tMm1dU6Gn04VAZ9ClHcIZ,r&b,Sincerely For You,2022,67
album,Jesse Baez,4rriNpL1lxpoysDDctWgl3,r&b,Amor En Español,2022,60
album,Muni Long,7tjVFCxJdwT4NdrTmjyjQ6,r&b,Public Displays Of Affection: The Album,2022,66
album,Blxst,4qXC0i02bSFstECuXP2ZpL,r&b,Before You Go,2022,65
album,Kaash Paige,0f2YkMXwFNJNSX7MymevKE,r&b,S2ML,2022,65
album,Maverick Sabre,0ukgrNYk51TkMQr0f2Br4Q,r&b,Lonely Are the Brave (Mav's Version),2022,63
album,Maverick Sabre,0ukgrNYk51TkMQr0f2Br4Q,r&b,Don't Forget to Look Up,2022,63
album,Natalie Cole,5tTsrGPwQRWUsHR2Xf7Ke9,r&b,Unforgettable...With Love,2022,61
album,Ivete Sangalo,7dzq55YG3wjViqexDwiycQ,r&b,Macaco Sessions,2022,64
album,Ivete Sangalo,7dzq55YG3wjViqexDwiycQ,r&b,Onda Boa Com Ivete,2022,64
